1502349056.000000, IBI
12.703707,0.812537
13.547495,0.843789
14.406909,0.859414
15.28195,0.87504
16.141364,0.859414
16.953901,0.812537
17.735187,0.781286
18.56335,0.828163
19.391513,0.828163
20.297804,0.906291
21.110341,0.812537
21.907253,0.796911
22.704164,0.796911
23.532327,0.828163
24.422993,0.890666
25.251156,0.828163
26.032442,0.781286
26.87623,0.843789
27.64189,0.76566
28.40755,0.76566
29.17321,0.76566
29.876368,0.703157
30.626402,0.750034
31.438939,0.812537
32.360856,0.921917
33.220271,0.859414
34.032808,0.812537
34.876596,0.843789
35.704759,0.828163
63.440404,0.98442
64.252941,0.812537
65.018601,0.76566
65.768636,0.750034
66.596798,0.828163
67.424961,0.828163
68.190621,0.76566
68.956281,0.76566
69.737567,0.781286
132.146674,0.812537
132.943585,0.796911
140.240794,0.76566
140.975203,0.734409
141.89712,0.921917
142.725283,0.828163
146.178566,0.76566
146.9286,0.750034
152.866372,0.718783
153.600781,0.734409
154.288312,0.687531
155.022721,0.734409
155.819632,0.796911
156.585292,0.76566
157.319701,0.734409
158.05411,0.734409
158.835395,0.781286
159.554178,0.718783
160.272961,0.718783
161.00737,0.734409
161.757404,0.750034
162.53869,0.781286
163.273098,0.734409
164.038759,0.76566
164.804419,0.76566
165.585704,0.781286
166.304487,0.718783
167.02327,0.718783
167.773304,0.750034
177.398745,0.781286
178.164405,0.76566
178.883188,0.718783
184.805334,0.718783
185.524117,0.718783
186.196023,0.671906
186.883554,0.687531
187.602337,0.718783
188.414874,0.812537
189.227412,0.812537
190.008697,0.781286
207.65013,0.76566
208.462667,0.812537
209.306456,0.843789
210.103367,0.796911
210.915904,0.812537
211.744067,0.828163
212.525353,0.781286
213.244136,0.718783
213.947293,0.703157
214.697327,0.750034
215.494239,0.796911
226.76038,0.640654
227.401034,0.640654
228.18232,0.781286
229.104237,0.921917
229.901148,0.796911
230.713686,0.812537
231.541848,0.828163
232.33876,0.796911
233.120046,0.781286
233.885706,0.76566
234.682617,0.796911
235.463903,0.781286
236.213937,0.750034
236.963972,0.750034
237.729632,0.76566
238.479666,0.750034
239.245326,0.76566
268.090396,0.781286
268.809179,0.718783
269.543588,0.734409
270.246745,0.703157
270.996779,0.750034
271.778065,0.781286
272.574977,0.796911
273.325011,0.750034
285.21618,0.812537
285.997466,0.781286
286.7475,0.750034
287.450658,0.703157
288.153815,0.703157
288.841346,0.687531
289.528878,0.687531
290.185158,0.65628
290.857064,0.671906
291.544595,0.687531
292.279004,0.734409
292.997787,0.718783
293.700944,0.703157
294.404101,0.703157
295.13851,0.734409
295.888544,0.750034
296.591701,0.703157
297.279233,0.687531
304.232676,0.687531
304.920207,0.687531
305.607739,0.687531
306.279644,0.671906
306.998427,0.718783
307.732836,0.734409
308.467245,0.734409
309.232905,0.76566
309.998565,0.76566
310.795476,0.796911
311.561136,0.76566
312.342422,0.781286
313.154959,0.812537
313.951871,0.796911
314.701905,0.750034
315.451939,0.750034
316.233225,0.781286
316.967634,0.734409
317.717668,0.750034
318.467702,0.750034
319.264614,0.796911
319.952145,0.687531
320.670928,0.718783
321.374085,0.703157
322.045991,0.671906
322.717897,0.671906
323.421054,0.703157
324.20234,0.781286
324.999251,0.796911
325.780537,0.781286
336.687286,0.843789
337.531075,0.843789
338.343612,0.812537
339.156149,0.812537
339.953061,0.796911
340.687469,0.734409
341.45313,0.76566
348.797216,0.734409
349.594127,0.796911
350.359787,0.76566
351.094196,0.734409
351.859856,0.76566
352.594265,0.734409
353.281796,0.687531
353.953702,0.671906
354.656859,0.703157
355.375642,0.718783
367.67308,0.812537
368.485617,0.812537
369.266903,0.781286
370.016937,0.750034
370.751346,0.734409
371.470129,0.718783
372.15766,0.687531
372.860817,0.703157
373.548349,0.687531
374.23588,0.687531
374.985914,0.750034
375.704697,0.718783
376.439106,0.734409
377.142263,0.703157
377.876672,0.734409
378.626706,0.750034
379.439243,0.812537
380.204903,0.76566
389.330321,0.750034
390.095981,0.76566
390.892893,0.796911
391.689804,0.796911
392.47109,0.781286
393.23675,0.76566
394.064913,0.828163
394.830573,0.76566
395.564981,0.734409
396.268139,0.703157
396.986922,0.718783
397.736956,0.750034
398.48699,0.750034
399.205773,0.718783
399.924556,0.718783
400.721467,0.796911
401.518379,0.796911
402.252788,0.734409
402.924693,0.671906
403.580973,0.65628
404.206002,0.625029
404.893533,0.687531
405.549814,0.65628
406.346725,0.796911
407.049882,0.703157
407.878045,0.828163
408.659331,0.781286
409.424991,0.76566
410.237528,0.812537
411.081317,0.843789
411.831351,0.750034
412.612637,0.781286
413.409548,0.796911
414.159583,0.750034
415.034623,0.87504
415.706528,0.671906
416.425311,0.718783
421.831809,0.796911
422.581843,0.750034
423.331877,0.750034
424.191292,0.859414
425.113209,0.921917
425.988249,0.87504
426.800786,0.812537
427.628949,0.828163
428.425861,0.796911
429.207146,0.781286
432.754184,0.640654
433.42609,0.671906
434.129247,0.703157
434.84803,0.718783
435.551187,0.703157
436.26997,0.718783
437.066881,0.796911
437.848167,0.781286
438.660704,0.812537
439.504493,0.843789
440.363907,0.859414
441.145193,0.781286
447.004836,0.796911
447.879876,0.87504
448.692413,0.812537
454.661437,0.750034
455.427097,0.76566
456.239634,0.812537
457.052171,0.812537
457.849082,0.796911
458.599117,0.750034
459.42728,0.828163
460.208565,0.781286
460.989851,0.781286
461.818014,0.828163
462.661803,0.843789
463.489966,0.828163
464.255626,0.76566
465.036911,0.781286
465.802572,0.76566
466.599483,0.796911
467.333892,0.734409
468.021423,0.687531
468.72458,0.703157
469.427737,0.703157
470.193398,0.76566
470.943432,0.750034
471.67784,0.734409
472.412249,0.734409
473.177909,0.76566
473.959195,0.781286
474.724855,0.76566
475.443638,0.718783
476.178046,0.734409
476.928081,0.750034
477.709367,0.781286
489.975553,0.65628
490.741213,0.76566
491.569376,0.828163
492.303785,0.734409
492.913188,0.609403
502.4605,0.703157
503.194908,0.734409
504.007445,0.812537
504.75748,0.750034
505.52314,0.76566
506.241923,0.718783
512.226572,0.812537
519.336272,0.734409
520.117558,0.781286
520.867592,0.750034
521.617626,0.750034
522.367661,0.750034
523.117695,0.750034
523.898981,0.781286
524.680267,0.781286
525.445927,0.76566
526.195961,0.750034
526.992872,0.796911
527.742907,0.750034
528.46169,0.718783
537.446476,0.687531
538.165259,0.718783
538.915293,0.750034
539.72783,0.812537
540.540368,0.812537
541.352905,0.812537
542.102939,0.750034
542.868599,0.76566
543.618634,0.750034
544.353042,0.734409
545.056199,0.703157
545.743731,0.687531
546.446888,0.703157
547.150045,0.703157
547.884454,0.734409
548.587611,0.703157
549.32202,0.734409
550.103305,0.781286
550.900217,0.796911
551.665877,0.76566
552.447163,0.781286
553.212823,0.76566
553.994108,0.781286
554.744143,0.750034
555.494177,0.750034
566.400926,0.671906
567.072832,0.671906
567.760364,0.687531
568.479146,0.718783
576.08887,0.750034
576.838904,0.750034
577.62019,0.781286
578.338973,0.718783
579.057756,0.718783
579.776539,0.718783
580.495322,0.718783
581.182853,0.687531
581.88601,0.703157
582.604793,0.718783
620.65341,0.65628
621.403444,0.750034
622.18473,0.781286
622.872261,0.687531
623.60667,0.734409
624.294201,0.687531
625.012984,0.718783
625.700516,0.687531
626.309919,0.609403
627.059953,0.750034
643.123188,0.718783
643.857597,0.734409
644.57638,0.718783
645.295163,0.718783
645.99832,0.703157
646.701477,0.703157
647.42026,0.718783
666.74927,0.703157
667.452427,0.703157
668.139958,0.687531
668.811864,0.671906
669.48377,0.671906
670.14005,0.65628
670.827581,0.687531
675.374665,0.65628
676.015319,0.640654
676.687225,0.671906
677.406008,0.718783
678.156042,0.750034
684.968854,0.625029
685.656385,0.687531
686.40642,0.750034
687.109577,0.703157
687.82836,0.718783
688.562768,0.734409
689.265925,0.703157
689.953457,0.687531
690.656614,0.703157
691.4379,0.781286
692.187934,0.750034
692.953594,0.76566
693.688003,0.734409
740.830786,0.859414
741.752703,0.921917
742.596492,0.843789
743.44028,0.843789
756.519004,0.890666
757.394044,0.87504
758.269084,0.87504
759.175375,0.906291
760.081667,0.906291
770.582148,0.968794
771.519691,0.937543
772.472859,0.953169
773.426028,0.953169
774.347945,0.921917
775.254236,0.906291
776.176154,0.921917
777.160574,0.98442
778.144994,0.98442
779.03566,0.890666
779.957577,0.921917
786.239114,0.937543
787.12978,0.890666
788.020446,0.890666
788.911112,0.890666
789.801777,0.890666
790.614315,0.812537
791.489355,0.87504
792.348769,0.859414
793.208183,0.859414
794.083223,0.87504
795.036392,0.953169
868.571008,0.87504
869.508551,0.937543
870.414842,0.906291
871.321134,0.906291
872.180548,0.859414
873.071214,0.890666
874.07126,1.000046
875.024428,0.953169
875.93072,0.906291
876.852637,0.921917
877.868309,1.015671
879.024611,1.156303
880.055909,1.031297
881.368469,1.31256
890.978284,0.906291
891.931452,0.953169
892.915872,0.98442
893.915918,1.000046
894.853461,0.937543
895.603495,0.750034
896.494161,0.890666
897.291073,0.796911
898.166113,0.87504
899.213036,1.046923
900.275584,1.062549
901.16625,0.890666
902.119419,0.953169
903.13509,1.015671
904.01013,0.87504
904.869545,0.859414
905.666456,0.796911
906.463367,0.796911
907.213402,0.750034
931.65202,0.781286
932.464558,0.812537
933.261469,0.796911
934.074006,0.812537
934.902169,0.828163
935.761584,0.859414
936.511618,0.750034
937.183524,0.671906
937.886681,0.703157
938.621089,0.734409
943.715073,0.953169
944.558861,0.843789
945.371398,0.812537
946.199561,0.828163
947.105853,0.906291
948.012144,0.906291
948.809056,0.796911
949.699722,0.890666
950.496633,0.796911
951.465427,0.968794
957.653211,0.781286
958.543876,0.890666
959.465794,0.921917
960.309582,0.843789
961.184622,0.87504
962.044037,0.859414
962.919077,0.87504
963.731614,0.812537
964.575402,0.843789
965.419191,0.843789
974.778995,0.812537
975.591532,0.812537
976.43532,0.843789
977.325986,0.890666
978.169775,0.843789
979.029189,0.859414
979.904229,0.87504
980.701141,0.796911
981.498052,0.796911
982.341841,0.843789
983.185629,0.843789
984.170049,0.98442
990.139073,0.98442
991.092241,0.953169
992.232919,1.140677
996.373733,0.87504
997.40503,1.031297
998.373825,0.968794
999.342619,0.968794
1000.405168,1.062549
1001.467716,1.062549
1002.280253,0.812537
1003.124042,0.843789
1003.952205,0.828163
1004.811619,0.859414
1005.608531,0.796911
1006.421068,0.812537
1007.217979,0.796911
1008.108645,0.890666
1008.96806,0.859414
1009.796222,0.828163
1010.640011,0.843789
1011.4838,0.843789
1012.296337,0.812537
1013.077623,0.781286
1013.874534,0.796911
1014.65582,0.781286
1015.374603,0.718783
1016.140263,0.76566
1016.937174,0.796911
1017.749712,0.812537
1027.531409,0.703157
1028.312695,0.781286
1029.015852,0.703157
1029.734635,0.718783
1030.484669,0.750034
1042.782107,0.796911
1043.625896,0.843789
1044.532187,0.906291
1045.36035,0.828163
1046.172888,0.812537
1047.032302,0.859414
1047.907342,0.87504
1048.782382,0.87504
1049.563668,0.781286
1050.391831,0.828163
1051.251245,0.859414
1052.126285,0.87504
1052.907571,0.781286
1053.720108,0.812537
1054.579522,0.859414
1055.50144,0.921917
1056.360854,0.859414
1057.267145,0.906291
1058.12656,0.859414
1058.939097,0.812537
1059.720383,0.781286
1060.42354,0.703157
1061.07982,0.65628
1061.782977,0.703157
1062.454883,0.671906
1063.220543,0.76566
1064.14246,0.921917
1065.142506,1.000046
1066.126926,0.98442
1067.048843,0.921917
1067.86138,0.812537
1068.658292,0.796911
1069.486455,0.828163
1070.314618,0.828163
1071.111529,0.796911
1071.861563,0.750034
1072.611598,0.750034
1073.361632,0.750034
1074.111666,0.750034
1074.955455,0.843789
1075.642987,0.687531
1076.377395,0.734409
1077.143055,0.76566
1077.908715,0.76566
1078.674375,0.76566
1079.455661,0.781286
1080.221321,0.76566
1080.986981,0.76566
1081.72139,0.734409
1082.502676,0.781286
1083.315213,0.812537
1084.143376,0.828163
1084.971539,0.828163
1085.799701,0.828163
1086.674742,0.87504
1087.51853,0.843789
1088.424822,0.906291
1089.315487,0.890666
1090.112399,0.796911
1090.940562,0.828163
1091.768725,0.828163
1092.628139,0.859414
1093.487553,0.859414
1094.284465,0.796911
1095.065751,0.781286
1095.893914,0.828163
1096.768954,0.87504
1097.737748,0.968794
1098.659665,0.921917
1099.550331,0.890666
1100.409745,0.859414
1101.26916,0.859414
1102.112948,0.843789
1102.956737,0.843789
1103.706771,0.750034
1104.55056,0.843789
1105.394348,0.843789
1106.285014,0.890666
1107.39444,1.109426
1111.238366,0.890666
1112.035277,0.796911
1112.816563,0.781286
1113.613475,0.796911
1114.441638,0.828163
1115.2698,0.828163
1116.082338,0.812537
1116.926126,0.843789
1117.738663,0.812537
1118.551201,0.812537
1119.363738,0.812537
1120.176275,0.812537
1120.879432,0.703157
1121.613841,0.734409
1122.332624,0.718783
1123.004529,0.671906
1123.692061,0.687531
1124.457721,0.76566
1125.239007,0.781286
1125.942164,0.703157
1126.629695,0.687531
1127.317227,0.687531
1127.957881,0.640654
1128.629787,0.671906
1129.301693,0.671906
1130.051727,0.750034
1130.864264,0.812537
1131.708053,0.843789
1132.551841,0.843789
1133.317502,0.76566
1134.067536,0.750034
1134.801944,0.734409
1135.567605,0.76566
1136.333265,0.76566
1137.11455,0.781286
1137.833333,0.718783
1138.567742,0.734409
1139.333402,0.76566
1140.114688,0.781286
1140.880348,0.76566
1141.646008,0.76566
1142.396042,0.750034
1143.208579,0.812537
1144.067994,0.859414
1144.896157,0.828163
1145.724319,0.828163
1156.521689,0.76566
1157.224846,0.703157
1157.912377,0.687531
1158.646786,0.734409
1159.349943,0.703157
1160.115603,0.76566
1160.787509,0.671906
1161.506292,0.718783
1162.271952,0.76566
1163.068863,0.796911
1163.834523,0.76566
1164.615809,0.781286
1204.320752,0.718783
1209.899132,0.781286
1210.617915,0.718783
1211.352324,0.734409
1212.039855,0.687531
1212.743012,0.703157
1225.556099,0.703157
1226.274882,0.718783
1226.962413,0.687531
1227.66557,0.703157
1228.43123,0.76566
1229.118762,0.687531
1229.806293,0.687531
1241.619334,0.750034
1242.306865,0.687531
1243.103777,0.796911
1243.82256,0.718783
1244.510091,0.687531
1245.213248,0.703157
1245.916406,0.703157
1246.619563,0.703157
1247.307094,0.687531
1247.994626,0.687531
1248.713409,0.718783
1249.494694,0.781286
1250.244729,0.750034
1250.979137,0.734409
1251.713546,0.734409
1252.46358,0.750034
1253.22924,0.76566
1253.932398,0.703157
1254.573052,0.640654
1257.995084,0.703157
1258.713866,0.718783
1259.463901,0.750034
1260.167058,0.703157
1260.901467,0.734409
1261.635875,0.734409
1262.354658,0.718783
1263.073441,0.718783
1263.776598,0.703157
1264.495381,0.718783
1265.245415,0.750034
1265.979824,0.734409
1266.698607,0.718783
1267.354887,0.65628
1271.745713,0.76566
1272.433244,0.687531
1273.183279,0.750034
1273.917687,0.734409
1274.620845,0.703157
1275.29275,0.671906
1275.995908,0.703157
1276.652188,0.65628
1277.277216,0.625029
1277.949122,0.671906
1278.652279,0.703157
1279.402313,0.750034
1290.637203,0.76566
1291.387237,0.750034
1292.121646,0.734409
1292.856054,0.734409
1293.559211,0.703157
1301.075181,0.65628
1301.700209,0.625029
1314.325787,0.781286
1314.982067,0.65628
1315.653973,0.671906
1316.310253,0.65628
1316.997784,0.687531
1317.732193,0.734409
1318.466602,0.734409
1319.185385,0.718783
1319.888542,0.703157
1320.576073,0.687531
1321.263605,0.687531
1321.998013,0.734409
1322.732422,0.734409
1323.435579,0.703157
1324.123111,0.687531
1324.810642,0.687531
1349.249261,0.687531
1349.983669,0.734409
1350.733704,0.750034
1351.468112,0.734409
1352.186895,0.718783
1352.921304,0.734409
1353.608835,0.687531
1354.311992,0.703157
1355.062027,0.750034
1355.749558,0.687531
1356.43709,0.687531
1357.140247,0.703157
1357.890281,0.750034
1358.671567,0.781286
1380.860083,0.640654
1381.485111,0.625029
1382.063263,0.578151
1382.719543,0.65628
1432.487446,0.781286
1433.253106,0.76566
1434.050017,0.796911
1434.846929,0.796911
1435.518835,0.671906
1436.331372,0.812537
1437.050155,0.718783
1437.800189,0.750034
1438.5971,0.796911
1439.315883,0.718783
1440.097169,0.781286
1440.894081,0.796911
1441.706618,0.812537
1442.503529,0.796911
1443.269189,0.76566
1444.050475,0.781286
1444.831761,0.781286
1445.597421,0.76566
1446.33183,0.734409
1447.09749,0.76566
1447.785021,0.687531
1448.472553,0.687531
1449.222587,0.750034
1477.630137,0.76566
1478.364546,0.734409
1479.083329,0.718783
1490.224464,0.76566
1490.927621,0.703157
1491.630778,0.703157
1492.302684,0.671906
1493.005841,0.703157
1493.818378,0.812537
1494.646541,0.828163
1495.49033,0.843789
1496.36537,0.87504
1497.224784,0.859414
1498.099824,0.87504
1498.927987,0.828163
1499.740524,0.812537
1500.568687,0.828163
1501.381224,0.812537
1502.178136,0.796911
1502.959422,0.781286
1503.725082,0.76566
1504.490742,0.76566
1505.22515,0.734409
1555.446199,0.859414
1576.306529,0.703157
1583.509984,0.687531
1584.244392,0.734409
1584.931924,0.687531
1585.635081,0.703157
1586.322613,0.687531
1587.057021,0.734409
1587.807055,0.750034
1588.541464,0.734409
1589.228996,0.687531
1589.932153,0.703157
1590.619684,0.687531
1591.338467,0.718783
1592.05725,0.718783
1592.791659,0.734409
1604.573448,0.781286
1605.339108,0.76566
1606.026639,0.687531
1606.807925,0.781286
1607.44858,0.640654
1608.21424,0.76566
1608.933022,0.718783
1611.964411,0.578151
1618.93348,0.687531
1619.652263,0.718783
1620.324169,0.671906
1621.105455,0.781286
1621.808612,0.703157
1622.54302,0.734409
1623.308681,0.76566
1624.058715,0.750034
1624.855626,0.796911
1625.668164,0.812537
1626.511952,0.843789
1627.308864,0.796911
1628.105775,0.796911
1628.902687,0.796911
1629.683972,0.781286
1630.480884,0.796911
1631.293421,0.812537
1632.105958,0.812537
1632.90287,0.796911
1633.762284,0.859414
1646.372236,0.750034
1647.137896,0.76566
1647.903556,0.76566
1648.684842,0.781286
1649.403625,0.718783
1650.138034,0.734409
1650.934945,0.796911
1651.700605,0.76566
1652.497517,0.796911
1653.247551,0.750034
1654.013211,0.76566
1654.810122,0.796911
1655.560157,0.750034
1669.857686,0.687531
1670.545218,0.687531
1671.248375,0.703157
1671.967158,0.718783
1672.670315,0.703157
1673.373472,0.703157
1674.107881,0.734409
1674.842289,0.734409
1675.576698,0.734409
1676.311106,0.734409
1677.029889,0.718783
1677.779924,0.750034
1678.529958,0.750034
1679.248741,0.718783
1679.998775,0.750034
1680.764435,0.76566
1681.483218,0.718783
1682.233253,0.750034
1682.983287,0.750034
1683.70207,0.718783
1693.483768,0.76566
1694.218176,0.734409
1694.952585,0.734409
1695.655742,0.703157
1696.358899,0.703157
1697.124559,0.76566
1697.843342,0.718783
1698.577751,0.734409
1699.265282,0.687531
1699.984065,0.718783
1700.702848,0.718783
1701.390379,0.687531
1702.077911,0.687531
1702.749817,0.671906
1703.437348,0.687531
1704.140505,0.703157
1704.843663,0.703157
1705.531194,0.687531
1706.234351,0.703157
1717.828632,0.906291
1721.500675,0.609403
1722.203832,0.703157
1722.875738,0.671906
1723.532018,0.65628
1724.219549,0.687531
1742.673519,0.718783
1760.096192,0.750034
1760.768097,0.671906
1761.48688,0.718783
1762.190037,0.703157
1762.893195,0.703157
1763.643229,0.750034
1764.44014,0.796911
1785.362973,0.718783
1786.113008,0.750034
1786.863042,0.750034
1787.613076,0.750034
1788.394362,0.781286
1789.175648,0.781286
1789.925682,0.750034
1796.129091,0.812537
1796.97288,0.843789
1797.863545,0.890666
1798.738585,0.87504
1799.598,0.859414
1800.410537,0.812537
1801.160571,0.750034
1801.957483,0.796911
1802.707517,0.750034
1803.504429,0.796911
1804.270089,0.76566
1804.988872,0.718783
1805.707654,0.718783
1806.442063,0.734409
1807.176472,0.734409
1807.895255,0.718783
1836.959085,0.734409
1837.677868,0.718783
1838.381025,0.703157
1839.084182,0.703157
1839.818591,0.734409
1840.521748,0.703157
1841.287408,0.76566
1842.021817,0.734409
1842.7406,0.718783
1843.475008,0.734409
1844.209417,0.734409
1844.9282,0.718783
1845.662608,0.734409
1846.35014,0.687531
1847.037671,0.687531
1847.77208,0.734409
1904.696561,0.671906
1905.384092,0.687531
1906.102875,0.718783
1906.806032,0.703157
1914.322001,0.703157
1932.557211,0.734409
1933.307245,0.750034
1934.05728,0.750034
1934.82294,0.76566
1975.262291,0.76566
1976.043576,0.781286
1976.746734,0.703157
1977.481142,0.734409
1978.246802,0.76566
2000.435318,0.687531
2001.185352,0.750034
2001.919761,0.734409
2002.560415,0.640654
2003.294824,0.734409
2003.982355,0.687531
2004.669887,0.687531
2005.326167,0.65628
2018.529896,0.796911
2019.358059,0.828163
2020.186222,0.828163
2020.967508,0.781286
2021.748794,0.781286
2022.498828,0.750034
2023.248862,0.750034
2023.967645,0.718783
2024.686428,0.718783
2025.389585,0.703157
2026.108368,0.718783
2026.811525,0.703157
2027.483431,0.671906
2028.202214,0.718783
2028.858494,0.65628
2029.546026,0.687531
2030.217931,0.671906
2030.921088,0.703157
2031.592994,0.671906
2032.280526,0.687531
2032.92118,0.640654
2033.639963,0.718783
2034.468126,0.828163
2035.358792,0.890666
2036.218206,0.859414
2037.108872,0.890666
2037.937035,0.828163
2038.71832,0.781286
2039.499606,0.781286
2040.234015,0.734409
2040.984049,0.750034
2041.749709,0.76566
2042.530995,0.781286
2043.296655,0.76566
2044.109192,0.812537
2044.937355,0.828163
2045.874898,0.937543
2046.718687,0.843789
2047.562475,0.843789
2048.375012,0.812537
2049.171924,0.796911
2049.921958,0.750034
2059.609902,0.890666
2060.516193,0.906291
2061.359982,0.843789
2062.219396,0.859414
2063.047559,0.828163
2063.797593,0.750034
2064.547628,0.750034
2065.266411,0.718783
2066.016445,0.750034
2066.766479,0.750034
2067.547765,0.781286
2068.360302,0.812537
2069.157214,0.796911
2069.922874,0.76566
2070.719785,0.796911
2071.532322,0.812537
2072.329234,0.796911
2073.126145,0.796911
2073.954308,0.828163
2074.657465,0.703157
2075.438751,0.781286
2076.204411,0.76566
2076.985697,0.781286
2094.611504,0.781286
2095.345912,0.734409
2096.064695,0.718783
2096.845981,0.781286
2097.611641,0.76566
2098.392927,0.781286
2099.22109,0.828163
2100.018001,0.796911
2100.830539,0.812537
2101.62745,0.796911
2102.424361,0.796911
2103.221273,0.796911
2104.002559,0.781286
2104.768219,0.76566
2105.502627,0.734409
2106.268287,0.76566
2107.033947,0.76566
2107.830859,0.796911
2108.62777,0.796911
2109.39343,0.76566
2110.190342,0.796911
2110.956002,0.76566
2111.737288,0.781286
2112.487322,0.750034
2113.252982,0.76566
2114.018642,0.76566
2114.815554,0.796911
2115.643717,0.828163
2116.503131,0.859414
2117.331294,0.828163
2118.096954,0.76566
2121.50336,0.640654
2122.190891,0.687531
2122.862797,0.671906
2123.503451,0.640654
2124.144106,0.640654
2124.753509,0.609403
2125.378537,0.625029
2126.003566,0.625029
2126.691097,0.687531
2127.363003,0.671906
2128.034909,0.671906
2128.753692,0.718783
2129.456849,0.703157
2130.160006,0.703157
2130.863163,0.703157
2131.581946,0.718783
2132.300729,0.718783
2132.988261,0.687531
2133.691418,0.703157
2134.410201,0.718783
2135.128983,0.718783
2135.894644,0.76566
2136.675929,0.781286
2137.472841,0.796911
2138.301004,0.828163
2139.144792,0.843789
2139.988581,0.843789
2140.816744,0.828163
2150.379682,0.87504
2151.239096,0.859414
2152.067259,0.828163
2152.817293,0.750034
2153.567327,0.750034
2154.301736,0.734409
2155.05177,0.750034
2165.880391,0.671906
2166.567923,0.687531
2167.239828,0.671906
2167.896108,0.65628
2168.58364,0.687531
2169.224294,0.640654
2169.864949,0.640654
2170.489977,0.625029
2171.193134,0.703157
2171.818163,0.625029
2172.505694,0.687531
2173.161974,0.65628
2173.83388,0.671906
2174.552663,0.718783
2175.302697,0.750034
2176.037106,0.734409
2176.709012,0.671906
2177.412169,0.703157
2178.146578,0.734409
2178.912238,0.76566
2179.631021,0.718783
2180.365429,0.734409
2181.099838,0.734409
2181.818621,0.718783
2182.537404,0.718783
2183.240561,0.703157
2183.881215,0.640654
2184.537495,0.65628
2185.225027,0.687531
2185.990687,0.76566
2186.787598,0.796911
2187.568884,0.781286
2188.318918,0.750034
2189.084578,0.76566
2189.865864,0.781286
2190.600273,0.734409
2191.334681,0.734409
2192.022213,0.687531
2192.709744,0.687531
2193.397276,0.687531
2203.116471,0.750034
2203.913382,0.796911
2204.710294,0.796911
2205.475954,0.76566
2208.88236,0.609403
2209.569891,0.687531
2210.210545,0.640654
2210.96058,0.750034
2211.757491,0.796911
2212.585654,0.828163
2213.335688,0.750034
2214.070097,0.734409
2214.835757,0.76566
2215.585791,0.750034
2216.304574,0.718783
2217.007731,0.703157
2217.695263,0.687531
2218.414046,0.718783
2219.148454,0.734409
2219.898489,0.750034
2220.617272,0.718783
2221.382932,0.76566
2232.774078,0.750034
2233.492861,0.718783
2234.242895,0.750034
2235.008555,0.76566
2235.696087,0.687531
2236.383618,0.687531
2237.086776,0.703157
2237.758681,0.671906
2238.49309,0.734409
2239.164996,0.671906
2239.821276,0.65628
2240.524433,0.703157
2241.22759,0.703157
2241.961999,0.734409
2246.58721,0.76566
2247.337245,0.750034
2248.087279,0.750034
2248.837313,0.750034
2249.571722,0.734409
2250.290505,0.718783
2250.978036,0.687531
2251.712445,0.734409
2252.462479,0.750034
2253.228139,0.76566
2253.931297,0.703157
2254.696957,0.76566
2255.41574,0.718783
2256.197025,0.781286
2256.915808,0.718783
2257.618965,0.703157
2261.244131,0.750034
2265.15056,0.609403
2265.822466,0.671906
2266.509997,0.687531
2267.213155,0.703157
2267.99444,0.781286
2268.7601,0.76566
2269.541386,0.781286
2273.072798,0.671906
2273.744704,0.671906
2274.432235,0.687531
2275.135392,0.703157
2275.838549,0.703157
2276.541707,0.703157
2277.213612,0.671906
2277.885518,0.671906
2278.604301,0.718783
2279.33871,0.734409
2280.073118,0.734409
2280.807527,0.734409
2281.495058,0.687531
2282.198215,0.703157
2282.916998,0.718783
2283.635781,0.718783
2284.323313,0.687531
2285.042096,0.718783
2285.729627,0.687531
2286.464036,0.734409
2287.21407,0.750034
2338.857059,0.796911
2339.685222,0.828163
2340.497759,0.812537
2341.372799,0.87504
2342.044705,0.671906
2342.763488,0.718783
2343.497896,0.734409
2362.7019,0.796911
2363.342555,0.640654
2391.546971,0.734409
2392.281379,0.734409
2392.984537,0.703157
2393.70332,0.718783
2394.453354,0.750034
2395.250265,0.796911
2396.047177,0.796911
2396.859714,0.812537
2411.063489,0.812537
2411.829149,0.76566
2412.563558,0.734409
2413.266715,0.703157
2413.985498,0.718783
2414.657404,0.671906
2415.313684,0.65628
2415.98559,0.671906
2416.673121,0.687531
2434.048916,0.640654
2473.363216,0.750034
2474.144501,0.781286
2474.894536,0.750034
2475.64457,0.750034
2476.363353,0.718783
2493.848528,0.703157
2494.53606,0.687531
2495.207966,0.671906
2495.895497,0.687531
2496.551777,0.65628
2497.254934,0.703157
2504.911535,0.781286
2505.661569,0.750034
2521.787307,0.828163
2522.584219,0.796911
2523.474885,0.890666
2534.147248,0.65628
2534.94416,0.796911
2535.725445,0.781286
2536.47548,0.750034
2537.163011,0.687531
2537.866168,0.703157
2538.538074,0.671906
2539.288108,0.750034
2539.991266,0.703157
2540.663171,0.671906
2541.366328,0.703157
2542.16324,0.796911
2552.257452,0.921917
2553.054363,0.796911
2553.976281,0.921917
2561.71101,0.76566
2562.570424,0.859414
2563.382961,0.812537
2564.164247,0.781286
2564.961159,0.796911
2565.711193,0.750034
2566.539356,0.828163
2567.226887,0.687531
2567.914419,0.687531
2568.726956,0.812537
2569.445739,0.718783
2584.055783,0.781286
2584.805817,0.750034
2585.571477,0.76566
2586.29026,0.718783
2587.024668,0.734409
2587.774703,0.750034
2693.576421,0.812537
2694.388958,0.812537
2731.062512,0.87504
2731.937552,0.87504
2732.765715,0.828163
2733.578252,0.812537
2734.390789,0.812537
2735.265829,0.87504
2736.062741,0.796911
2736.953406,0.890666
2737.828446,0.87504
2738.812866,0.98442
2739.641029,0.828163
2740.516069,0.87504
2741.344232,0.828163
2742.188021,0.843789
2743.078687,0.890666
2743.875598,0.796911
2744.735013,0.859414
2745.578801,0.843789
2746.469467,0.890666
2747.51639,1.046923
2754.126067,0.843789
2755.251119,1.125051
2759.173173,0.953169
2765.548465,0.859414
2766.361003,0.812537
2772.048763,0.76566
2776.986489,0.76566
2777.830278,0.843789
2778.658441,0.828163
2779.486603,0.828163
2780.361644,0.87504
2781.299186,0.937543
2808.45668,0.718783
2809.253591,0.796911
2810.034877,0.781286
2810.831788,0.796911
2811.644325,0.812537
2812.472488,0.828163
2813.285026,0.812537
2814.066311,0.781286
2814.972603,0.906291
2820.504106,0.859414
2821.316643,0.812537
2822.113555,0.796911
2822.926092,0.812537
2823.738629,0.812537
2824.644921,0.906291
2825.504335,0.859414
2826.316872,0.812537
2827.129409,0.812537
2827.910695,0.781286
2828.723232,0.812537
2829.551395,0.828163
2830.332681,0.781286
2831.145218,0.812537
2831.926504,0.781286
2832.739041,0.812537
2833.58283,0.843789
2834.364115,0.781286
2835.129776,0.76566
2864.849886,0.687531
2865.724926,0.87504
2878.91303,0.718783
2879.56931,0.65628
2880.288093,0.718783
2881.116256,0.828163
2887.085279,0.609403
2887.788436,0.703157
2888.460342,0.671906
2889.132247,0.671906
2889.897907,0.76566
2890.757322,0.859414
2900.085874,0.734409
2900.820282,0.734409
2901.554691,0.734409
2902.257848,0.703157
2914.227146,0.76566
2915.024058,0.796911
2915.805343,0.781286
2916.586629,0.781286
2917.352289,0.76566
2918.071072,0.718783
2918.805481,0.734409
2919.602392,0.796911
2920.493058,0.890666
2921.305595,0.812537
2922.149384,0.843789
2923.055675,0.906291
2923.899464,0.843789
2924.743253,0.843789
2925.649544,0.906291
2926.54021,0.890666
2927.41525,0.87504
2928.212161,0.796911
2929.009073,0.796911
2929.805984,0.796911
2930.634147,0.828163
2931.431059,0.796911
2932.196719,0.76566
2933.009256,0.812537
2933.853045,0.843789
2934.681207,0.828163
2935.493745,0.812537
2936.306282,0.812537
2937.118819,0.812537
2937.962608,0.843789
2938.759519,0.796911
2939.540805,0.781286
2940.353342,0.812537
2941.150254,0.796911
2941.947165,0.796911
2942.775328,0.828163
2943.634742,0.859414
2944.447279,0.812537
2945.228565,0.781286
2945.916097,0.687531
2946.619254,0.703157
2947.322411,0.703157
2948.228703,0.906291
2949.15062,0.921917
2950.041286,0.890666
2950.9007,0.859414
2951.744488,0.843789
2952.619529,0.87504
2953.463317,0.843789
2954.260229,0.796911
2955.025889,0.76566
2955.791549,0.76566
2956.557209,0.76566
2957.35412,0.796911
2958.151032,0.796911
2958.963569,0.812537
2959.697978,0.734409
2960.510515,0.812537
2961.354303,0.843789
2962.198092,0.843789
2962.995003,0.796911
2963.760664,0.76566
2964.495072,0.734409
2965.260732,0.76566
2965.995141,0.734409
2966.729549,0.734409
2967.495209,0.76566
2968.26087,0.76566
2972.542315,0.703157
2973.261098,0.718783
2974.026758,0.76566
2974.761167,0.734409
2975.511201,0.750034
2976.261236,0.750034
2976.995644,0.734409
2977.761304,0.76566
2978.480087,0.718783
2979.19887,0.718783
2979.823899,0.625029
2980.433302,0.609403
2981.089582,0.65628
2981.745862,0.65628
2982.417768,0.671906
2991.168168,0.859414
2991.980705,0.812537
2992.777617,0.796911
2993.543277,0.76566
2994.340188,0.796911
3009.450255,0.65628
3010.262792,0.812537
3011.169084,0.906291
3012.075375,0.906291
3013.012918,0.937543
3013.919209,0.906291
3014.762998,0.843789
3015.55991,0.796911
3016.341195,0.781286
3017.106855,0.76566
3017.85689,0.750034
3018.606924,0.750034
3019.356958,0.750034
3020.138244,0.781286
3020.91953,0.781286
3021.68519,0.76566
3022.45085,0.76566
3023.21651,0.76566
3023.98217,0.76566
3024.794707,0.812537
3025.62287,0.828163
3026.466659,0.843789
3027.294822,0.828163
3028.076108,0.781286
3028.888645,0.812537
3029.716808,0.828163
3030.529345,0.812537
3031.373133,0.843789
3032.216922,0.843789
3033.045085,0.828163
3033.810745,0.76566
3034.607656,0.796911
3035.388942,0.781286
3036.185854,0.796911
3036.982765,0.796911
3037.779677,0.796911
3038.560962,0.781286
3039.389125,0.828163
3040.201663,0.812537
3041.045451,0.843789
3041.857988,0.812537
3042.717403,0.859414
3043.514314,0.796911
3044.326851,0.812537
3045.076886,0.750034
3045.873797,0.796911
3046.670709,0.796911
3047.498872,0.828163
3048.311409,0.812537
3049.139572,0.828163
3049.98336,0.843789
3050.764646,0.781286
3051.561558,0.796911
3052.358469,0.796911
3053.15538,0.796911
3053.936666,0.781286
3054.702326,0.76566
3055.530489,0.828163
3056.358652,0.828163
3057.202441,0.843789
3058.046229,0.843789
3058.827515,0.781286
3059.624427,0.796911
3060.374461,0.750034
3061.155747,0.781286
3061.98391,0.828163
3062.765195,0.781286
3063.546481,0.781286
3064.343393,0.796911
3065.140304,0.796911
3065.92159,0.781286
3066.68725,0.76566
3067.468536,0.781286
3068.265447,0.796911
3069.046733,0.781286
3069.828019,0.781286
3070.62493,0.796911
3071.484344,0.859414
3072.296882,0.812537
3073.093793,0.796911
3073.859453,0.76566
3074.687616,0.828163
3075.468902,0.781286
3076.281439,0.812537
3077.109602,0.828163
3077.953391,0.843789
3078.781554,0.828163
3079.609716,0.828163
3080.422254,0.812537
3081.187914,0.76566
3081.937948,0.750034
3082.687982,0.750034
3083.375514,0.687531
3084.125548,0.750034
3085.047465,0.921917
3085.875628,0.828163
3086.703791,0.828163
3087.485077,0.781286
3088.360117,0.87504
3089.172654,0.812537
3089.938314,0.76566
3090.688349,0.750034
3091.438383,0.750034
3102.954535,0.76566
3103.720195,0.76566
3104.501481,0.781286
3105.282767,0.781286
3106.017175,0.734409
3106.735958,0.718783
3107.470367,0.734409
3108.157898,0.687531
3108.73605,0.578151
3109.423581,0.687531
3110.15799,0.734409
3110.876773,0.718783
3111.704936,0.828163
3112.56435,0.859414
3113.470641,0.906291
3114.298804,0.828163
3115.158219,0.859414
3116.017633,0.859414
3116.845796,0.828163
3117.642707,0.796911
3118.439619,0.796911
3119.23653,0.796911
3120.017816,0.781286
3120.783476,0.76566
3121.517885,0.734409
3122.392925,0.87504
3123.221088,0.828163
3123.971122,0.750034
3124.674279,0.703157
3125.314934,0.640654
3125.986839,0.671906
3126.689996,0.703157
3131.596471,0.87504
3132.424634,0.828163
3133.268423,0.843789
3134.096586,0.828163
3134.909123,0.812537
3135.706034,0.796911
3136.534197,0.828163
3137.315483,0.781286
3138.12802,0.812537
3138.924932,0.796911
3139.690592,0.76566
3140.487503,0.796911
3141.268789,0.781286
3142.0657,0.796911
3142.815735,0.750034
3143.612646,0.796911
3144.425183,0.812537
3145.253346,0.828163
3146.097135,0.843789
3146.956549,0.859414
3147.815964,0.859414
3148.659752,0.843789
3149.472289,0.812537
3150.300452,0.828163
3151.097364,0.796911
3151.878649,0.781286
3152.659935,0.781286
3153.472472,0.812537
3154.300635,0.828163
3155.16005,0.859414
3155.956961,0.796911
3156.753873,0.796911
3157.56641,0.812537
3158.394573,0.828163
3159.20711,0.812537
3159.957144,0.750034
3160.722804,0.76566
3161.441587,0.718783
3162.207247,0.76566
3162.957282,0.750034
3163.707316,0.750034
3164.45735,0.750034
3165.285513,0.828163
3166.129302,0.843789
3166.926213,0.796911
3167.754376,0.828163
3168.566913,0.812537
3169.395076,0.828163
3170.145111,0.750034
3170.926396,0.781286
3171.723308,0.796911
3172.520219,0.796911
3173.285879,0.76566
3174.051539,0.76566
3174.817199,0.76566
3175.598485,0.781286
3176.34852,0.750034
3177.098554,0.750034
3177.87984,0.781286
3178.661125,0.781286
3179.41116,0.750034
3180.192446,0.781286
3180.989357,0.796911
3181.801894,0.812537
3182.551929,0.750034
3183.317589,0.76566
3184.083249,0.76566
3184.864534,0.781286
3185.692697,0.828163
3186.505234,0.812537
3187.28652,0.781286
3188.05218,0.76566
3188.849092,0.796911
3189.677255,0.828163
3190.505418,0.828163
3191.302329,0.796911
3192.114866,0.812537
3192.911778,0.796911
3193.708689,0.796911
3194.474349,0.76566
3195.255635,0.781286
3196.036921,0.781286
3196.802581,0.76566
3197.583867,0.781286
3198.349527,0.76566
3199.115187,0.76566
3199.865221,0.750034
3200.59963,0.734409
3201.271535,0.671906
3201.974693,0.703157
3205.693613,0.906291
3206.646781,0.953169
3207.584324,0.937543
3208.47499,0.890666
3209.334404,0.859414
3210.11569,0.781286
3210.896976,0.781286
3211.693887,0.796911
3212.428296,0.734409
3213.193956,0.76566
3213.959616,0.76566
3214.709651,0.750034
3215.444059,0.734409
3216.178468,0.734409
3216.912876,0.734409
3217.678536,0.76566
3218.397319,0.718783
3219.116102,0.718783
3219.834885,0.718783
3220.584919,0.750034
3221.366205,0.781286
3222.209994,0.843789
3223.038157,0.828163
3223.835068,0.796911
3224.600728,0.76566
3225.39764,0.796911
3226.178926,0.781286
3226.944586,0.76566
3227.725871,0.781286
3228.491531,0.76566
3229.272817,0.781286
3230.054103,0.781286
3230.819763,0.76566
3231.601049,0.781286
3232.366709,0.76566
3233.132369,0.76566
3233.944906,0.812537
3234.757443,0.812537
3235.523103,0.76566
3247.867418,0.640654
3248.617453,0.750034
3249.461241,0.843789
3250.320656,0.859414
3251.055064,0.734409
3251.83635,0.781286
3252.586384,0.750034
3253.320793,0.734409
3254.008324,0.687531
3254.695856,0.687531
3255.367762,0.671906
3256.117796,0.750034
3256.914707,0.796911
3257.664742,0.750034
3258.367899,0.703157
3259.071056,0.703157
3259.789839,0.718783
3260.649253,0.859414
3261.461791,0.812537
3262.274328,0.812537
3263.118116,0.843789
3263.915028,0.796911
3264.711939,0.796911
3265.477599,0.76566
3266.290137,0.812537
3267.118299,0.828163
3267.946462,0.828163
3268.774625,0.828163
3269.618414,0.843789
3270.493454,0.87504
3271.290365,0.796911
3272.102903,0.812537
3272.931066,0.828163
3273.774854,0.843789
3274.587391,0.812537
3275.415554,0.828163
3276.228091,0.812537
3277.07188,0.843789
3277.884417,0.812537
3278.665703,0.781286
3279.47824,0.812537
3280.35328,0.87504
3281.212695,0.859414
3282.040858,0.828163
3282.86902,0.828163
3283.712809,0.843789
3284.572223,0.859414
3285.447263,0.87504
3286.306678,0.859414
3287.181718,0.87504
3288.041132,0.859414
3288.884921,0.843789
3289.728709,0.843789
3290.60375,0.87504
3291.400661,0.796911
3292.228824,0.828163
3293.056987,0.828163
3293.88515,0.828163
3294.713313,0.828163
3295.494598,0.781286
3296.29151,0.796911
3297.135298,0.843789
3298.010339,0.87504
3298.869753,0.859414
3299.729167,0.859414
3352.45033,0.750034
3353.137862,0.687531
3353.809768,0.671906
3354.481673,0.671906
3355.200456,0.718783
3355.934865,0.734409
3356.669274,0.734409
3357.403682,0.734409
3358.091214,0.687531
3419.594029,0.718783
3420.344063,0.750034
3421.094098,0.750034
3421.766003,0.671906
3426.453718,0.750034
3427.188127,0.734409
3427.906909,0.718783
3428.641318,0.734409
3429.500732,0.859414
3430.328895,0.828163
3431.203935,0.87504
3431.95397,0.750034
3432.735255,0.781286
3433.532167,0.796911
3434.329078,0.796911
3435.141616,0.812537
3458.736446,0.781286
3459.470854,0.734409
3460.236514,0.76566
3461.049052,0.812537
3461.799086,0.750034
3462.595997,0.796911
3528.73965,0.687531
3529.39593,0.65628
3534.474288,0.87504
3535.318076,0.843789
3536.083736,0.76566
3536.896274,0.812537
3537.661934,0.76566
3538.458845,0.796911
3539.255757,0.796911
3539.990165,0.734409
3540.771451,0.781286
3541.583988,0.812537
3542.505905,0.921917
3543.349694,0.843789
3573.335441,0.796911
3574.101101,0.76566
3574.851136,0.750034
3575.632421,0.781286
3576.47621,0.843789
3577.304373,0.828163
3578.101285,0.796911
3578.945073,0.843789
3579.820113,0.87504
3580.695153,0.87504
3581.585819,0.890666
3597.930317,0.781286
3598.75848,0.828163
3599.539766,0.781286
3600.352303,0.812537
3601.16484,0.812537
3601.993003,0.828163
3602.821166,0.828163
3603.618078,0.796911
3604.508743,0.890666
3605.477538,0.968794
3606.446332,0.968794
3607.399501,0.953169
3608.368295,0.968794
3609.274586,0.906291
3610.134001,0.859414
3610.946538,0.812537
3611.727824,0.781286
3612.540361,0.812537
3613.462278,0.921917
3614.399821,0.937543
3615.259235,0.859414
3616.024895,0.76566
3616.837433,0.812537
3617.64997,0.812537
3618.41563,0.76566
3619.18129,0.76566
3619.993827,0.812537
3620.884493,0.890666
3621.822036,0.937543
3622.743953,0.921917
3623.634619,0.890666
3624.478407,0.843789
3625.290945,0.812537
3626.07223,0.781286
3626.853516,0.781286
3627.666053,0.812537
3628.509842,0.843789
3629.447385,0.937543
3630.416179,0.968794
3631.384974,0.968794
3632.306891,0.921917
3633.181931,0.87504
3634.010094,0.828163
3634.838257,0.828163
3635.635168,0.796911
3636.494582,0.859414
3637.385248,0.890666
3638.275914,0.890666
3639.182205,0.906291
3640.057245,0.87504
3640.932286,0.87504
3641.838577,0.906291
3642.822997,0.98442
3643.823043,1.000046
3644.74496,0.921917
3645.604374,0.859414
3646.448163,0.843789
3647.37008,0.921917
3648.3545,0.98442
3649.323295,0.968794
3650.260838,0.937543
3651.19838,0.937543
3652.057795,0.859414
3652.901583,0.843789
3653.745372,0.843789
3654.620412,0.87504
3655.479826,0.859414
3656.323615,0.843789
3657.120527,0.796911
3657.917438,0.796911
3658.761227,0.843789
3659.730021,0.968794
3660.730067,1.000046
3661.730113,1.000046
3662.683281,0.953169
3663.573947,0.890666
3664.40211,0.828163
3665.16777,0.76566
3665.886553,0.718783
3666.58971,0.703157
3667.308493,0.718783
3668.12103,0.812537
3669.089824,0.968794
3670.027367,0.937543
3670.933659,0.906291
3671.824325,0.890666
3672.60561,0.781286
3673.37127,0.76566
3674.121305,0.750034
3674.886965,0.76566
3675.715128,0.828163
3676.605793,0.890666
3677.433956,0.828163
3678.246494,0.812537
3679.027779,0.781286
3679.793439,0.76566
3680.590351,0.796911
3681.449765,0.859414
3682.340431,0.890666
3683.262348,0.921917
3684.184265,0.921917
3685.059305,0.87504
3685.903094,0.843789
3686.746883,0.843789
3687.621923,0.87504
3688.496963,0.87504
3689.387629,0.890666
3690.215791,0.828163
3691.090832,0.87504
3691.965872,0.87504
3692.872163,0.906291
3693.731577,0.859414
3694.575366,0.843789
3695.450406,0.87504
3696.356698,0.906291
3697.278615,0.921917
3698.169281,0.890666
3698.981818,0.812537
3699.809981,0.828163
3700.685021,0.87504
3701.622564,0.937543
3702.591358,0.968794
3703.544527,0.953169
3704.403941,0.859414
3705.24773,0.843789
3706.075892,0.828163
3706.935307,0.859414
3707.794721,0.859414
3708.607258,0.812537
3709.372918,0.76566
3710.138578,0.76566
3710.951116,0.812537
3711.841781,0.890666
3712.748073,0.906291
3713.607487,0.859414
3714.388773,0.781286
3715.138807,0.750034
3715.873216,0.734409
3716.670127,0.796911
3717.545167,0.87504
3718.467085,0.921917
3719.389002,0.921917
3720.264042,0.87504
3721.076579,0.812537
3721.873491,0.796911
3722.686028,0.812537
3723.529816,0.843789
3724.404856,0.87504
3725.279896,0.87504
3726.123685,0.843789
3726.936222,0.812537
3727.686257,0.750034
3728.467542,0.781286
3729.295705,0.828163
3730.170745,0.87504
3731.077037,0.906291
3731.983328,0.906291
3732.858368,0.87504
3733.670906,0.812537
3734.42094,0.750034
3735.155349,0.734409
3735.889757,0.734409
3736.686669,0.796911
3737.639837,0.953169
3738.655509,1.015671
3739.655555,1.000046
3740.577472,0.921917
3741.468138,0.890666
3742.265049,0.796911
3743.06196,0.796911
3743.827621,0.76566
